-- phpMyAdmin SQL Dump
-- version 4.7.9
-- https://www.phpmyadmin.net/
--
-- Host: 127.0.0.1:3306
-- Generation Time: Jul 28, 2019 at 11:34 AM
-- Server version: 5.7.21
-- PHP Version: 7.2.4

SET SQL_MODE = "NO_AUTO_VALUE_ON_ZERO";
SET AUTOCOMMIT = 0;
START TRANSACTION;
SET time_zone = "+00:00";


/*!40101 SET @OLD_CHARACTER_SET_CLIENT=@@CHARACTER_SET_CLIENT */;
/*!40101 SET @OLD_CHARACTER_SET_RESULTS=@@CHARACTER_SET_RESULTS */;
/*!40101 SET @OLD_COLLATION_CONNECTION=@@COLLATION_CONNECTION */;
/*!40101 SET NAMES utf8mb4 */;

--
-- Database: `bu`
--
CREATE DATABASE IF NOT EXISTS `bu` DEFAULT CHARACTER SET utf8 COLLATE utf8_general_ci;
USE `bu`;

-- --------------------------------------------------------

--
-- Table structure for table `blog`
--

DROP TABLE IF EXISTS `blog`;
CREATE TABLE IF NOT EXISTS `blog` (
  `id` int(11) NOT NULL AUTO_INCREMENT,
  `category_id` int(11) NOT NULL,
  `title` text NOT NULL,
  `short_desc` text NOT NULL,
  `content` text NOT NULL,
  `image` text,
  `created_at` timestamp NULL DEFAULT NULL,
  `updated_at` timestamp NULL DEFAULT NULL,
  PRIMARY KEY (`id`)
) ENGINE=MyISAM AUTO_INCREMENT=20 DEFAULT CHARSET=utf8;

--
-- Dumping data for table `blog`
--

INSERT INTO `blog` (`id`, `category_id`, `title`, `short_desc`, `content`, `image`, `created_at`, `updated_at`) VALUES
(1, 1, 'خلافاَ للإعتقاد السائد.', 'خلافاَ للإعتقاد السائد فإن لوريم إيبسوم ليس نصاَ عشوائياً.', 'خلافاَ للإعتقاد السائد فإن لوريم إيبسوم ليس نصاَ عشوائياً، بل إن له جذور في الأدب اللاتيني الكلاسيكي منذ العام 45 قبل الميلاد، مما يجعله أكثر من 2000 عام في القدم. قام البروفيسور \"ريتشارد ماك لينتوك\" (Richard McClintock) وهو بروفيسور اللغة اللاتينية في جامعة هامبدن-سيدني في فيرجينيا بالبحث عن أصول كلمة لاتينية غامضة في نص لوريم إيبسوم وهي \"consectetur\"، وخلال تتبعه لهذه الكلمة في الأدب اللاتيني اكتشف المصدر الغير قابل للشك. فلقد اتضح أن كلمات نص لوريم إيبسوم تأتي من الأقسام 1.10.32 و 1.10.33 من كتاب \"حول أقاصي الخير والشر\" (de Finibus Bonorum et Malorum) للمفكر شيشيرون (Cicero) والذي كتبه في عام 45 قبل الميلاد. هذا الكتاب هو بمثابة مقالة علمية مطولة في نظرية الأخلاق، وكان له شعبية كبيرة في عصر النهضة. السطر الأول من لوريم إيبسوم \"Lorem ipsum dolor sit amet..\" يأتي من سطر في القسم 1.20.32 من هذا الكتاب.', '5d3949bb10d623.666697391564035515.jpg', '2019-07-24 02:04:59', '2019-07-25 04:18:35'),
(2, 3, 'هناك حقيقة مثبتة منذ زمن طويل', 'هناك حقيقة مثبتة منذ زمن طويل وهي أن المحتوى المقروء لصفحة ما سيلهي القارئ عن التركيز على الشكل الخارجي للنص أو شكل توضع الفقرات في الصفحة التي يقرأها.', 'هناك حقيقة مثبتة منذ زمن طويل وهي أن المحتوى المقروء لصفحة ما سيلهي القارئ عن التركيز على الشكل الخارجي للنص أو شكل توضع الفقرات في الصفحة التي يقرأها. ولذلك يتم استخدام طريقة لوريم إيبسوم لأنها تعطي توزيعاَ طبيعياَ -إلى حد ما- للأحرف عوضاً عن استخدام \"هنا يوجد محتوى نصي، هنا يوجد محتوى نصي\" فتجعلها تبدو (أي الأحرف) وكأنها نص مقروء. العديد من برامح النشر المكتبي وبرامح تحرير صفحات الويب تستخدم لوريم إيبسوم بشكل إفتراضي كنموذج عن النص، وإذا قمت بإدخال \"lorem ipsum\" في أي محرك بحث ستظهر العديد من المواقع الحديثة العهد في نتائج البحث. على مدى السنين ظهرت نسخ جديدة ومختلفة من نص لوريم إيبسوم، أحياناً عن طريق الصدفة، وأحياناً عن عمد كإدخال بعض العبارات الفكاهية إليها.', '5d394b578ddfc1.027493041564035927.jpg', '2019-07-24 03:41:48', '2019-07-25 04:25:27'),
(3, 2, 'هنالك العديد من الأنواع المتوفرة لنصوص لوريم إيبسوم.', 'هنالك العديد من الأنواع المتوفرة لنصوص لوريم إيبسوم، ولكن الغالبية تم تعديلها بشكل ما عبر إدخال بعض النوادر أو الكلمات العشوائية إلى النص. إن كنت تريد أن تستخدم نص لوريم إيبسوم ما.', 'هنالك العديد من الأنواع المتوفرة لنصوص لوريم إيبسوم، ولكن الغالبية تم تعديلها بشكل ما عبر إدخال بعض النوادر أو الكلمات العشوائية إلى النص. إن كنت تريد أن تستخدم نص لوريم إيبسوم ما، عليك أن تتحقق أولاً أن ليس هناك أي كلمات أو عبارات محرجة أو غير لائقة مخبأة في هذا النص. بينما تعمل جميع مولّدات نصوص لوريم إيبسوم على الإنترنت على إعادة تكرار مقاطع من نص لوريم إيبسوم نفسه عدة مرات بما تتطلبه الحاجة، يقوم مولّدنا هذا باستخدام كلمات من قاموس يحوي على أكثر من 200 كلمة لا تينية، مضاف إليها مجموعة من الجمل النموذجية، لتكوين نص لوريم إيبسوم ذو شكل منطقي قريب إلى النص الحقيقي. وبالتالي يكون النص الناتح خالي من التكرار، أو أي كلمات أو عبارات غير لائقة أو ما شابه. وهذا ما يجعله أول مولّد نص لوريم إيبسوم حقيقي على الإنترنت.', '5d394bbb586744.248906351564036027.jpg', '2019-07-24 06:20:37', '2019-07-25 04:27:07'),
(15, 1, 'لوريم إيبسوم هو ببساطة نص', 'لوريم إيبسوم هو ببساطة نص شكلي (بمعنى أن الغاية هي الشكل وليس المحتوى) ويُستخدم في صناعات المطابع ودور النشر.', 'لوريم إيبسوم هو ببساطة نص شكلي (بمعنى أن الغاية هي الشكل وليس المحتوى) ويُستخدم في صناعات المطابع ودور النشر. كان لوريم إيبسوم ولايزال المعيار للنص الشكلي منذ القرن الخامس عشر عندما قامت مطبعة مجهولة برص مجموعة من الأحرف بشكل عشوائي أخذتها من نص، لتكوّن كتيّب بمثابة دليل أو مرجع شكلي لهذه الأحرف. خمسة قرون من الزمن لم تقضي على هذا النص، بل انه حتى صار مستخدماً وبشكله الأصلي في الطباعة والتنضيد الإلكتروني. انتشر بشكل كبير في ستينيّات هذا القرن مع إصدار رقائق \"ليتراسيت\" (Letraset) البلاستيكية تحوي مقاطع من هذا النص، وعاد لينتشر مرة أخرى مؤخراَ مع ظهور برامج النشر الإلكتروني مثل \"ألدوس بايج مايكر\" (Aldus PageMaker) والتي حوت أيضاً على نسخ من نص لوريم إيبسوم.', '5d3a464e081629.540696541564100174.jpg', '2019-07-25 22:16:14', '2019-07-25 22:16:14'),
(16, 2, 'لوريم إيبسوم هو ببساطة نص شكلي.', 'لوريم إيبسوم هو ببساطة نص شكلي (بمعنى أن الغاية هي الشكل وليس المحتوى) ويُستخدم في صناعات المطابع ودور النشر.', 'لوريم إيبسوم هو ببساطة نص شكلي (بمعنى أن الغاية هي الشكل وليس المحتوى) ويُستخدم في صناعات المطابع ودور النشر. كان لوريم إيبسوم ولايزال المعيار للنص الشكلي منذ القرن الخامس عشر عندما قامت مطبعة مجهولة برص مجموعة من الأحرف بشكل عشوائي أخذتها من نص، لتكوّن كتيّب بمثابة دليل أو مرجع شكلي لهذه الأحرف. خمسة قرون من الزمن لم تقضي على هذا النص، بل انه حتى صار مستخدماً وبشكله الأصلي في الطباعة والتنضيد الإلكتروني. انتشر بشكل كبير في ستينيّات هذا القرن مع إصدار رقائق \"ليتراسيت\" (Letraset) البلاستيكية تحوي مقاطع من هذا النص، وعاد لينتشر مرة أخرى مؤخراَ مع ظهور برامج النشر الإلكتروني مثل \"ألدوس بايج مايكر\" (Aldus PageMaker) والتي حوت أيضاً على نسخ من نص لوريم إيبسوم.', '5d3a46c63040f3.834710931564100294.jpg', '2019-07-25 22:18:14', '2019-07-25 22:18:14'),
(14, 2, 'لوريم إيبسوم هو ببساطة نص شكلي.', 'لوريم إيبسوم هو ببساطة نص شكلي (بمعنى أن الغاية هي الشكل وليس المحتوى) ويُستخدم في صناعات المطابع ودور النشر.', 'لوريم إيبسوم هو ببساطة نص شكلي (بمعنى أن الغاية هي الشكل وليس المحتوى) ويُستخدم في صناعات المطابع ودور النشر. كان لوريم إيبسوم ولايزال المعيار للنص الشكلي منذ القرن الخامس عشر عندما قامت مطبعة مجهولة برص مجموعة من الأحرف بشكل عشوائي أخذتها من نص، لتكوّن كتيّب بمثابة دليل أو مرجع شكلي لهذه الأحرف. خمسة قرون من الزمن لم تقضي على هذا النص، بل انه حتى صار مستخدماً وبشكله الأصلي في الطباعة والتنضيد الإلكتروني. انتشر بشكل كبير في ستينيّات هذا القرن مع إصدار رقائق \"ليتراسيت\" (Letraset) البلاستيكية تحوي مقاطع من هذا النص، وعاد لينتشر مرة أخرى مؤخراَ مع ظهور برامج النشر الإلكتروني مثل \"ألدوس بايج مايكر\" (Aldus PageMaker) والتي حوت أيضاً على نسخ من نص لوريم إيبسوم.', '5d397f6b3a60e4.371048651564049259.jpg', '2019-07-25 08:07:39', '2019-07-25 08:07:39'),
(17, 1, 'تحرير صفحات الويب تستخدم لوريم إيبسوم بشكل إفتراضي كنموذج عن النص', 'العديد من برامح النشر المكتبي وبرامح تحرير صفحات الويب تستخدم لوريم إيبسوم بشكل إفتراضي كنموذج عن النص', 'هناك حقيقة مثبتة منذ زمن طويل وهي أن المحتوى المقروء لصفحة ما سيلهي القارئ عن التركيز على الشكل الخارجي للنص أو شكل توضع الفقرات في الصفحة التي يقرأها. ولذلك يتم استخدام طريقة لوريم إيبسوم لأنها تعطي توزيعاَ طبيعياَ -إلى حد ما- للأحرف عوضاً عن استخدام \"هنا يوجد محتوى نصي، هنا يوجد محتوى نصي\" فتجعلها تبدو (أي الأحرف) وكأنها نص مقروء. العديد من برامح النشر المكتبي وبرامح تحرير صفحات الويب تستخدم لوريم إيبسوم بشكل إفتراضي كنموذج عن النص، وإذا قمت بإدخال \"lorem ipsum\" في أي محرك بحث ستظهر العديد من المواقع الحديثة العهد في نتائج البحث. على مدى السنين ظهرت نسخ جديدة ومختلفة من نص لوريم إيبسوم، أحياناً عن طريق الصدفة، وأحياناً عن عمد كإدخال بعض العبارات الفكاهية إليها.', '5d3c0f66ddea54.148780371564217190.jpg', '2019-07-27 06:46:30', '2019-07-27 06:46:30'),
(18, 1, 'على مدى السنين ظهرت نسخ جديدة ومختلفة من نص لوريم إيبسوم.', 'على مدى السنين ظهرت نسخ جديدة ومختلفة من نص لوريم إيبسوم، أحياناً عن طريق الصدفة، وأحياناً عن عمد كإدخال بعض العبارات الفكاهية إليها.', 'هناك حقيقة مثبتة منذ زمن طويل وهي أن المحتوى المقروء لصفحة ما سيلهي القارئ عن التركيز على الشكل الخارجي للنص أو شكل توضع الفقرات في الصفحة التي يقرأها. ولذلك يتم استخدام طريقة لوريم إيبسوم لأنها تعطي توزيعاَ طبيعياَ -إلى حد ما- للأحرف عوضاً عن استخدام \"هنا يوجد محتوى نصي، هنا يوجد محتوى نصي\" فتجعلها تبدو (أي الأحرف) وكأنها نص مقروء. العديد من برامح النشر المكتبي وبرامح تحرير صفحات الويب تستخدم لوريم إيبسوم بشكل إفتراضي كنموذج عن النص، وإذا قمت بإدخال \"lorem ipsum\" في أي محرك بحث ستظهر العديد من المواقع الحديثة العهد في نتائج البحث. على مدى السنين ظهرت نسخ جديدة ومختلفة من نص لوريم إيبسوم، أحياناً عن طريق الصدفة، وأحياناً عن عمد كإدخال بعض العبارات الفكاهية إليها.', '5d3c1104290979.342132301564217604.jpg', '2019-07-27 06:53:24', '2019-07-27 06:53:24'),
(19, 1, 'لذلك يتم استخدام طريقة لوريم إيبسوم.', 'لذلك يتم استخدام طريقة لوريم إيبسوم لأنها تعطي توزيعاَ طبيعياَ -إلى حد ما- للأحرف عوضاً عن استخدام \"هنا يوجد محتوى نصي.', 'هناك حقيقة مثبتة منذ زمن طويل وهي أن المحتوى المقروء لصفحة ما سيلهي القارئ عن التركيز على الشكل الخارجي للنص أو شكل توضع الفقرات في الصفحة التي يقرأها. ولذلك يتم استخدام طريقة لوريم إيبسوم لأنها تعطي توزيعاَ طبيعياَ -إلى حد ما- للأحرف عوضاً عن استخدام \"هنا يوجد محتوى نصي، هنا يوجد محتوى نصي\" فتجعلها تبدو (أي الأحرف) وكأنها نص مقروء. العديد من برامح النشر المكتبي وبرامح تحرير صفحات الويب تستخدم لوريم إيبسوم بشكل إفتراضي كنموذج عن النص، وإذا قمت بإدخال \"lorem ipsum\" في أي محرك بحث ستظهر العديد من المواقع الحديثة العهد في نتائج البحث. على مدى السنين ظهرت نسخ جديدة ومختلفة من نص لوريم إيبسوم، أحياناً عن طريق الصدفة، وأحياناً عن عمد كإدخال بعض العبارات الفكاهية إليها.', '5d3c1198103e27.946037841564217752.jpg', '2019-07-27 06:55:52', '2019-07-27 06:55:52');

-- --------------------------------------------------------

--
-- Table structure for table `category`
--

DROP TABLE IF EXISTS `category`;
CREATE TABLE IF NOT EXISTS `category` (
  `id` int(11) NOT NULL AUTO_INCREMENT,
  `name` varchar(191) NOT NULL,
  `created_at` timestamp NULL DEFAULT NULL,
  `updated_at` timestamp NULL DEFAULT NULL,
  PRIMARY KEY (`id`)
) ENGINE=MyISAM AUTO_INCREMENT=4 DEFAULT CHARSET=utf8;

--
-- Dumping data for table `category`
--

INSERT INTO `category` (`id`, `name`, `created_at`, `updated_at`) VALUES
(1, 'أخبار', '2019-07-23 10:41:31', '2019-07-24 06:15:51'),
(2, 'رياضه', '2019-07-24 01:52:24', '2019-07-24 01:52:24'),
(3, 'متنوع', '2019-07-24 01:53:04', '2019-07-24 01:53:04');

-- --------------------------------------------------------

--
-- Table structure for table `comments`
--

DROP TABLE IF EXISTS `comments`;
CREATE TABLE IF NOT EXISTS `comments` (
  `id` int(11) NOT NULL AUTO_INCREMENT,
  `name` varchar(191) NOT NULL,
  `comment` text NOT NULL,
  `blog_id` int(11) NOT NULL,
  `created_at` timestamp NULL DEFAULT NULL,
  `updated_at` timestamp NULL DEFAULT NULL,
  PRIMARY KEY (`id`)
) ENGINE=MyISAM AUTO_INCREMENT=16 DEFAULT CHARSET=utf8;

--
-- Dumping data for table `comments`
--

INSERT INTO `comments` (`id`, `name`, `comment`, `blog_id`, `created_at`, `updated_at`) VALUES
(1, 'اسلام على', 'هنالك العديد من الأنواع المتوفرة لنصوص لوريم إيبسوم، ولكن الغالبية تم تعديلها بشكل ما عبر إدخال بعض النوادر أو الكلمات العشوائية إلى النص. إن كنت تريد أن تستخدم نص لوريم إيبسوم ما.', 16, '2019-07-26 16:17:49', '2019-07-26 16:17:49'),
(2, 'جمال احمد', 'لوريم إيبسوم هو ببساطة نص شكلي (بمعنى أن الغاية هي الشكل وليس المحتوى) ويُستخدم في صناعات المطابع ودور النشر. كان لوريم إيبسوم ولايزال المعيار للنص الشكلي منذ القرن الخامس عشر عندما قامت مطبعة مجهولة برص مجموعة من الأحرف بشكل عشوائي أخذتها من نص.', 16, '2019-07-26 16:23:39', '2019-07-26 16:23:39'),
(3, 'يوسف محمد', 'انتشر بشكل كبير في ستينيّات هذا القرن مع إصدار رقائق \"ليتراسيت\" (Letraset) البلاستيكية تحوي مقاطع من هذا النص، وعاد لينتشر مرة أخرى مؤخراَ مع ظهور برامج النشر الإلكتروني مثل \"ألدوس بايج مايكر\" (Aldus PageMaker) والتي حوت أيضاً على نسخ من نص لوريم إيبسوم.', 16, '2019-07-26 19:16:46', '2019-07-26 19:16:46'),
(4, 'اسلام على', 'لوريم إيبسوم هو ببساطة نص شكلي (بمعنى أن الغاية هي الشكل وليس المحتوى) ويُستخدم في صناعات المطابع ودور النشر. كان لوريم إيبسوم ولايزال المعيار للنص الشكلي منذ القرن الخامس عشر عندما قامت مطبعة مجهولة برص مجموعة من الأحرف بشكل عشوائي أخذتها من نص.', 16, '2019-07-26 19:27:15', '2019-07-26 19:27:15'),
(5, 'يوسف محمد', 'لوريم إيبسوم هو ببساطة نص شكلي (بمعنى أن الغاية هي الشكل وليس المحتوى) ويُستخدم في صناعات المطابع ودور النشر. كان لوريم إيبسوم ولايزال المعيار للنص الشكلي منذ القرن الخامس عشر عندما قامت مطبعة مجهولة برص مجموعة من الأحرف بشكل عشوائي أخذتها من نص.', 16, '2019-07-26 19:30:52', '2019-07-26 19:30:52'),
(6, 'حسام احمد', 'لوريم إيبسوم هو ببساطة نص شكلي (بمعنى أن الغاية هي الشكل وليس المحتوى) ويُستخدم في صناعات المطابع ودور النشر. كان لوريم إيبسوم ولايزال المعيار للنص الشكلي منذ القرن الخامس عشر عندما قامت مطبعة مجهولة برص مجموعة من الأحرف بشكل عشوائي أخذتها من نص.', 16, '2019-07-27 02:39:15', '2019-07-27 02:39:15'),
(7, 'اسلام على', 'لوريم إيبسوم هو ببساطة نص شكلي (بمعنى أن الغاية هي الشكل وليس المحتوى) ويُستخدم في صناعات المطابع ودور النشر. كان لوريم إيبسوم ولايزال المعيار للنص الشكلي منذ القرن الخامس عشر عندما قامت مطبعة مجهولة برص مجموعة من الأحرف بشكل عشوائي أخذتها من نص.', 16, '2019-07-27 02:40:59', '2019-07-27 02:40:59'),
(8, 'يوسف محمد', 'لوريم إيبسوم هو ببساطة نص شكلي (بمعنى أن الغاية هي الشكل وليس المحتوى) ويُستخدم في صناعات المطابع ودور النشر. كان لوريم إيبسوم ولايزال المعيار للنص الشكلي منذ القرن الخامس عشر عندما قامت مطبعة مجهولة برص مجموعة من الأحرف بشكل عشوائي أخذتها من نص.', 16, '2019-07-27 02:44:12', '2019-07-27 02:44:12'),
(9, 'حسام احمد', 'لوريم إيبسوم هو ببساطة نص شكلي (بمعنى أن الغاية هي الشكل وليس المحتوى) ويُستخدم في صناعات المطابع ودور النشر. كان لوريم إيبسوم ولايزال المعيار للنص الشكلي منذ القرن الخامس عشر عندما قامت مطبعة مجهولة برص مجموعة من الأحرف بشكل عشوائي أخذتها من نص.', 16, '2019-07-27 02:44:37', '2019-07-27 02:44:37'),
(10, 'يوسف محمد', 'لوريم إيبسوم هو ببساطة نص شكلي (بمعنى أن الغاية هي الشكل وليس المحتوى) ويُستخدم في صناعات المطابع ودور النشر. كان لوريم إيبسوم ولايزال المعيار للنص الشكلي منذ القرن الخامس عشر عندما قامت مطبعة مجهولة برص مجموعة من الأحرف بشكل عشوائي أخذتها من نص.', 16, '2019-07-27 02:47:47', '2019-07-27 02:47:47'),
(11, 'جمال احمد', 'لوريم إيبسوم هو ببساطة نص شكلي (بمعنى أن الغاية هي الشكل وليس المحتوى) ويُستخدم في صناعات المطابع ودور النشر. كان لوريم إيبسوم ولايزال المعيار للنص الشكلي منذ القرن الخامس عشر عندما قامت مطبعة مجهولة برص مجموعة من الأحرف بشكل عشوائي أخذتها من نص.', 16, '2019-07-27 06:33:18', '2019-07-27 06:33:18'),
(12, 'يوسف محمد', 'لوريم إيبسوم هو ببساطة نص شكلي (بمعنى أن الغاية هي الشكل وليس المحتوى) ويُستخدم في صناعات المطابع ودور النشر. كان لوريم إيبسوم ولايزال المعيار للنص الشكلي منذ القرن الخامس عشر عندما قامت مطبعة مجهولة برص مجموعة من الأحرف بشكل عشوائي أخذتها من نص.', 16, '2019-07-27 06:33:47', '2019-07-27 06:33:47'),
(13, 'عمرو محمد', 'بل انه حتى صار مستخدماً وبشكله الأصلي في الطباعة والتنضيد الإلكتروني. انتشر بشكل كبير في ستينيّات هذا القرن مع إصدار رقائق \"ليتراسيت\" (Letraset) البلاستيكية تحوي مقاطع من هذا النص، وعاد لينتشر مرة أخرى مؤخراَ مع ظهور برامج النشر الإلكتروني مثل \"ألدوس بايج مايكر\" (Aldus PageMaker) والتي حوت أيضاً على نسخ من نص لوريم إيبسوم.', 14, '2019-07-27 06:36:41', '2019-07-27 06:36:41'),
(14, 'عمرو محمد', 'شكرا لكم.', 14, '2019-07-27 06:38:42', '2019-07-27 06:38:42'),
(15, 'حسام احمد', 'انتشر بشكل كبير في ستينيّات هذا القرن.', 16, '2019-07-27 07:03:20', '2019-07-27 07:03:20');

-- --------------------------------------------------------

--
-- Table structure for table `link_tags`
--

DROP TABLE IF EXISTS `link_tags`;
CREATE TABLE IF NOT EXISTS `link_tags` (
  `id` int(11) NOT NULL AUTO_INCREMENT,
  `tag_id` int(11) NOT NULL,
  `blog_id` int(11) NOT NULL,
  `created_at` timestamp NULL DEFAULT NULL,
  `updated_at` timestamp NULL DEFAULT NULL,
  PRIMARY KEY (`id`)
) ENGINE=MyISAM AUTO_INCREMENT=33 DEFAULT CHARSET=utf8;

--
-- Dumping data for table `link_tags`
--

INSERT INTO `link_tags` (`id`, `tag_id`, `blog_id`, `created_at`, `updated_at`) VALUES
(16, 2, 3, '2019-07-25 04:28:20', '2019-07-25 04:28:20'),
(13, 1, 1, '2019-07-25 04:20:09', '2019-07-25 04:20:09'),
(15, 1, 3, '2019-07-25 04:28:20', '2019-07-25 04:28:20'),
(17, 3, 2, '2019-07-25 04:45:10', '2019-07-25 04:45:10'),
(21, 2, 14, '2019-07-25 08:07:39', '2019-07-25 08:07:39'),
(20, 1, 14, '2019-07-25 08:07:39', '2019-07-25 08:07:39'),
(22, 3, 14, '2019-07-25 08:07:39', '2019-07-25 08:07:39'),
(23, 2, 15, '2019-07-25 22:16:14', '2019-07-25 22:16:14'),
(24, 3, 15, '2019-07-25 22:16:14', '2019-07-25 22:16:14'),
(25, 1, 16, '2019-07-25 22:18:14', '2019-07-25 22:18:14'),
(26, 2, 16, '2019-07-25 22:18:14', '2019-07-25 22:18:14'),
(27, 1, 17, '2019-07-27 06:46:30', '2019-07-27 06:46:30'),
(28, 3, 17, '2019-07-27 06:46:30', '2019-07-27 06:46:30'),
(29, 2, 18, '2019-07-27 06:53:24', '2019-07-27 06:53:24'),
(30, 3, 18, '2019-07-27 06:53:24', '2019-07-27 06:53:24'),
(31, 1, 19, '2019-07-27 06:55:52', '2019-07-27 06:55:52'),
(32, 2, 19, '2019-07-27 06:55:52', '2019-07-27 06:55:52');

-- --------------------------------------------------------

--
-- Table structure for table `migrations`
--

DROP TABLE IF EXISTS `migrations`;
CREATE TABLE IF NOT EXISTS `migrations` (
  `id` int(10) UNSIGNED NOT NULL AUTO_INCREMENT,
  `migration` varchar(191) COLLATE utf8mb4_unicode_ci NOT NULL,
  `batch` int(11) NOT NULL,
  PRIMARY KEY (`id`)
) ENGINE=MyISAM AUTO_INCREMENT=3 DEFAULT CHARSET=utf8mb4 COLLATE=utf8mb4_unicode_ci;

--
-- Dumping data for table `migrations`
--

INSERT INTO `migrations` (`id`, `migration`, `batch`) VALUES
(1, '2014_10_12_000000_create_users_table', 1),
(2, '2014_10_12_100000_create_password_resets_table', 1);

-- --------------------------------------------------------

--
-- Table structure for table `password_resets`
--

DROP TABLE IF EXISTS `password_resets`;
CREATE TABLE IF NOT EXISTS `password_resets` (
  `email` varchar(191) COLLATE utf8mb4_unicode_ci NOT NULL,
  `token` varchar(191) COLLATE utf8mb4_unicode_ci NOT NULL,
  `created_at` timestamp NULL DEFAULT NULL,
  KEY `password_resets_email_index` (`email`)
) ENGINE=MyISAM DEFAULT CHARSET=utf8mb4 COLLATE=utf8mb4_unicode_ci;

-- --------------------------------------------------------

--
-- Table structure for table `tags`
--

DROP TABLE IF EXISTS `tags`;
CREATE TABLE IF NOT EXISTS `tags` (
  `id` int(11) NOT NULL AUTO_INCREMENT,
  `name` varchar(191) NOT NULL,
  `created_at` timestamp NULL DEFAULT NULL,
  `updated_at` timestamp NULL DEFAULT NULL,
  PRIMARY KEY (`id`)
) ENGINE=MyISAM AUTO_INCREMENT=4 DEFAULT CHARSET=utf8;

--
-- Dumping data for table `tags`
--

INSERT INTO `tags` (`id`, `name`, `created_at`, `updated_at`) VALUES
(1, 'سياحه', '2019-07-24 05:20:03', '2019-07-24 05:20:03'),
(2, 'ترفيه', '2019-07-24 05:24:29', '2019-07-24 05:24:29'),
(3, 'برمجه', '2019-07-24 05:25:31', '2019-07-24 05:25:31');

-- --------------------------------------------------------

--
-- Table structure for table `users`
--

DROP TABLE IF EXISTS `users`;
CREATE TABLE IF NOT EXISTS `users` (
  `id` int(10) UNSIGNED NOT NULL AUTO_INCREMENT,
  `name` varchar(191) COLLATE utf8mb4_unicode_ci NOT NULL,
  `email` varchar(191) COLLATE utf8mb4_unicode_ci NOT NULL,
  `email_verified_at` timestamp NULL DEFAULT NULL,
  `password` varchar(191) COLLATE utf8mb4_unicode_ci NOT NULL,
  `admin` tinyint(4) NOT NULL DEFAULT '0',
  `remember_token` varchar(100) COLLATE utf8mb4_unicode_ci DEFAULT NULL,
  `created_at` timestamp NULL DEFAULT NULL,
  `updated_at` timestamp NULL DEFAULT NULL,
  PRIMARY KEY (`id`),
  UNIQUE KEY `users_email_unique` (`email`)
) ENGINE=MyISAM AUTO_INCREMENT=13 DEFAULT CHARSET=utf8mb4 COLLATE=utf8mb4_unicode_ci;

--
-- Dumping data for table `users`
--

INSERT INTO `users` (`id`, `name`, `email`, `email_verified_at`, `password`, `admin`, `remember_token`, `created_at`, `updated_at`) VALUES
(1, 'abdo', 'pop_pop5301@yahoo.com', NULL, '$2y$10$QWhDoagIMU2.KaJowTp.yOEbl.3BfPVvRan0RMT3XCOoHxZxnDVdG', 1, 'Fxfltzyi8DczbplaY3yM8oc3LXmip0ywpd8iaETt95S5E0yhfL10jYPTE5GE', '2019-01-31 14:24:05', '2019-07-21 02:17:56'),
(2, 'tata', 'a@b.com', NULL, '$2y$10$4YWiQ7OeDsZRDJZAhE/y7O2uOirwY8q.V9xIlD6WYNTD4EQAi88au', 0, 'ieGHIj94tbiwa5vXfP28J4XsI50o7XDssmqHTokTNNsmq6jq2lvyQaeWdT4v', '2019-07-18 17:50:59', '2019-07-18 17:50:59'),
(3, 'dodo', 'c@d.com', NULL, '$2y$10$iONBRptf3cr2vU2CebhstuEpwzdRjVu.SCIz3XDmx4i4MaZoUf9mO', 0, NULL, '2019-07-18 19:26:02', '2019-07-18 19:26:02'),
(4, 'koko', 'D@d.com', NULL, '$2y$10$76V.xLuV.A7d78L/sIS2qeSkAx/.8nVEJlIuImPG7iet84lLVBMsK', 1, NULL, '2019-07-18 19:32:57', '2019-07-21 02:49:47'),
(7, 'ioii', 'w@a.com', NULL, '$2y$10$MpEGYkevKM1KK/f7lLd4/eVDR8fyvzcfFHwavSTyYKtxFJRrm6TKq', 0, NULL, '2019-07-18 19:40:04', '2019-07-18 19:40:04'),
(8, 'uouo', 'r@d.com', NULL, '$2y$10$LPTmA1TYYWTO/vtH8bJsNu1DxI1EHtnZt2Bv0nLZ2VIeulA7EgzeO', 0, NULL, '2019-07-18 19:42:44', '2019-07-18 19:42:44');
COMMIT;

/*!40101 SET CHARACTER_SET_CLIENT=@OLD_CHARACTER_SET_CLIENT */;
/*!40101 SET CHARACTER_SET_RESULTS=@OLD_CHARACTER_SET_RESULTS */;
/*!40101 SET COLLATION_CONNECTION=@OLD_COLLATION_CONNECTION */;
